{"cameraMode":{"drawMode":0,"name":"Shaded","section":"Shading Mode"},"sceneLighting":true,"audioPlay":false,"sceneViewState":{"m_AlwaysRefresh":false,"showFog":true,"showSkybox":true,"showFlares":true,"showImageEffects":true,"showParticleSystems":true,"showVisualEffectGraphs":true,"m_FxEnabled":true},"in2DMode":false,"pivot":{"x":-4.4459686279296879,"y":-20.200286865234376,"z":-1.8999614715576172},"rotation":{"x":0.7051905989646912,"y":0.003400135552510619,"z":-0.003383296774700284,"w":0.7090082168579102},"size":58.00325012207031,"orthographic":false}